<?xml version="1.0" encoding="UTF-8" standalone="yes"?>
<addon id="repository.reeuse" name="[COLOR crimson]REE[COLOR silver]USE Repo[/COLOR]" version="3.0.5" provider-name="Circero">
    <extension point="xbmc.addon.repository" name="Circero">
        <info compressed="false">https://raw.githubusercontent.com/CIRCERO/repository.reeuse/zips/addons.xml</info>
        <checksum>http://raw.githubusercontent.com/CIRCERO/repository.reeuse/zips/addons.xml.md5</checksum>
        <datadir zip="true">http://raw.githubusercontent.com/CIRCERO/repository.reeuse/zips/</datadir>
    </extension>
    <extension point="xbmc.addon.metadata">
        <summary>REE USE Repo</summary>
        <description>DESCRIPTION OF YOUR REPO HERE</description>
        <disclaimer></disclaimer>
        <platform>all</platform>
        <assets>
            <icon>icon.png</icon>
            <fanart>fanart.jpg</fanart>
        </assets>
    </extension>
</addon>


